{
  "title": "Change, Transform, Innovate, Scale.",
  "text": "These words encapsulate the substance of what we do - assist with fixing associations stay cutthroat, win new business sectors, and increment investor esteem by utilizing the maximum capacity of the most recent troublesome innovations. ",
  "text1": "As a leading global advisory firm, TekEbin enables organizations to reimagine their future and create sustainable and lasting business value.",
  "text2": "Since our skilled teams sit at the intersection point of industry, interaction, and innovation, we are exceptionally situated to drive measurable outcomes for you.",
  "button": [
    {
      "title": "Request Us"
    }
  ]
}


  